id,first_name,last_name,email,gender,contact,country,dob
1,Olin,Rumney,orumney0@devhub.com,Polygender,627-269-4167,Indonesia,2015/07/02
2,Nikoletta,Yarn,nyarn1@paginegialle.it,Female,784-439-6178,China,2004/01/03
3,Rhona,Dahlgren,rdahlgren2@newyorker.com,Female,853-277-5008,Belarus,2002/08/02
4,Gardie,Gorwood,ggorwood3@sakura.ne.jp,Male,299-635-1005,Portugal,2016/01/15
5,Daffie,Feaveer,dfeaveer4@ocn.ne.jp,Female,671-896-8900,China,2024/01/27
6,Vanessa,Frood,vfrood5@last.fm,Female,723-553-9877,Ukraine,2016/07/31
7,Ogdan,Wissby,owissby6@bloomberg.com,Male,937-758-6236,China,2006/06/12
8,Chloette,Abramowitz,cabramowitz7@sogou.com,Female,877-358-0954,Czech Republic,2013/02/18
9,Haley,Bristoe,hbristoe8@aol.com,Female,901-429-5506,Trinidad and Tobago,2013/06/01
10,Jessey,Gallafant,jgallafant9@gravatar.com,Male,121-464-8349,Sweden,2020/07/26
11,Leanor,Moorhouse,lmoorhousea@163.com,Genderfluid,942-257-1060,Russia,2020/11/22
12,Norri,Sisse,nsisseb@foxnews.com,Female,278-553-5328,Thailand,2010/04/03
13,Adelbert,Julian,ajulianc@pcworld.com,Male,636-173-4751,Philippines,2007/08/21
14,Clarette,Wabersinke,cwabersinked@pcworld.com,Non-binary,789-799-5448,Brazil,2006/02/01
15,Tynan,Kirkhouse,tkirkhousee@cam.ac.uk,Male,450-244-3093,China,2023/03/04
16,Seline,Valentelli,svalentellif@google.nl,Female,339-983-0403,Peru,2021/05/20
17,Philip,Whyman,pwhymang@seattletimes.com,Male,367-827-1153,China,2000/05/10
18,Bary,Yaxley,byaxleyh@digg.com,Agender,485-764-9434,China,2019/12/09
19,Corby,Glading,cgladingi@ebay.co.uk,Male,300-669-3147,Ethiopia,2008/10/29
20,Prisca,Pasque,ppasquej@cnet.com,Female,862-747-1344,Russia,2019/11/03
21,Lorna,Vassar,lvassark@whitehouse.gov,Female,681-291-2576,China,2012/08/06
22,Sarah,Van Cassel,svancassell@tuttocitta.it,Female,430-628-2735,China,2020/09/10
23,Val,Sills,vsillsm@oaic.gov.au,Female,747-891-8440,Serbia,2011/05/27
24,Willie,Trott,wtrottn@sun.com,Female,861-145-6291,Georgia,2011/07/10
25,Hart,Sharplin,hsharplino@marriott.com,Non-binary,553-741-1464,Sweden,2013/10/11
26,Farr,Terram,fterramp@linkedin.com,Male,120-402-7312,France,2020/11/23
27,Carroll,Dalliwatr,cdalliwatrq@ning.com,Female,213-128-3299,Indonesia,2013/09/06
28,Evey,Lerner,elernerr@skype.com,Female,217-768-1249,Philippines,2010/05/09
29,Jany,Tozer,jtozers@sitemeter.com,Female,206-349-3039,Poland,2010/02/02
30,Arney,Sollowaye,asollowayet@hao123.com,Male,204-656-3887,Brazil,2015/09/06
31,Esme,Coleford,ecolefordu@blogger.com,Male,597-217-1780,Bangladesh,2016/05/14
32,Brigid,Salvati,bsalvativ@walmart.com,Female,883-808-4953,Canada,2007/08/17
33,Guenevere,Swalteridge,gswalteridgew@intel.com,Female,260-934-6254,Ecuador,2002/11/23
34,Dorree,Menichino,dmenichinox@google.nl,Female,244-618-0957,Bolivia,2011/11/24
35,Aveline,Whiteland,awhitelandy@vk.com,Female,497-985-9512,Brazil,2001/04/19
36,Clark,Tuxill,ctuxillz@reference.com,Male,734-883-9747,Serbia,2002/01/10
37,Jacquie,MacNeilage,jmacneilage10@usda.gov,Female,728-497-9734,Indonesia,2001/03/01
38,Franky,Rusling,frusling11@dyndns.org,Male,129-921-1706,China,2018/08/12
39,Thorin,Behnen,tbehnen12@ocn.ne.jp,Male,707-699-4066,Brazil,2002/05/16
40,Carolynn,Dulany,cdulany13@columbia.edu,Female,705-402-4368,Norway,2006/11/14
41,Kasey,Arnott,karnott14@twitter.com,Female,317-173-9084,Sweden,2013/06/11
42,Rogers,Nuss,rnuss15@netscape.com,Male,860-259-6288,Spain,2022/11/17
43,Zsa zsa,Tumilty,ztumilty16@purevolume.com,Female,221-829-1542,China,2017/05/30
44,Putnam,Noyce,pnoyce17@rambler.ru,Male,926-628-1089,Philippines,2005/03/26
45,Abie,Hartzog,ahartzog18@xrea.com,Male,837-146-9218,China,2019/06/06
46,Hank,Dolle,hdolle19@amazon.com,Male,209-773-6393,Portugal,2001/07/16
47,Gordon,Ditty,gditty1a@nytimes.com,Male,145-775-8512,Philippines,2006/11/04
48,Lisbeth,Haselden,lhaselden1b@wisc.edu,Female,239-787-7003,China,2014/01/20
49,Dario,Matyashev,dmatyashev1c@army.mil,Male,526-617-8935,Poland,2000/08/07
50,Garry,Fransemai,gfransemai1d@foxnews.com,Male,124-653-1015,Sweden,2003/05/31
51,Adela,Wisdish,awisdish1e@nsw.gov.au,Female,515-954-8479,China,2023/09/08
52,Emmy,Ridding,eridding1f@army.mil,Male,337-486-0647,China,2014/05/18
53,Carlye,Fifoot,cfifoot1g@webmd.com,Female,545-372-2943,Canada,2020/03/04
54,Merrill,Fludder,mfludder1h@sciencedaily.com,Male,171-571-6361,Puerto Rico,2006/06/19
55,Sherman,Wortley,swortley1i@google.nl,Male,469-426-2764,Belarus,2019/08/03
56,Christian,Burdus,cburdus1j@weibo.com,Female,131-994-5096,Colombia,2004/07/21
57,Maris,Bringloe,mbringloe1k@squarespace.com,Female,184-753-1331,Colombia,2014/11/22
58,Melisenda,Joselevitch,mjoselevitch1l@forbes.com,Female,589-598-9093,Armenia,2006/04/20
59,Kennie,Carine,kcarine1m@deliciousdays.com,Male,927-494-0661,Poland,2018/10/31
60,Patric,Leborgne,pleborgne1n@va.gov,Male,317-323-5842,Armenia,2013/07/01
61,Rollie,Songhurst,rsonghurst1o@army.mil,Male,710-457-3621,Luxembourg,2016/06/02
62,Marti,Canepe,mcanepe1p@webs.com,Female,862-134-6663,Portugal,2012/03/18
63,Horatius,Penley,hpenley1q@pcworld.com,Male,673-797-7247,Finland,2001/09/19
64,Ximenes,Skelhorn,xskelhorn1r@clickbank.net,Male,821-423-7044,China,2009/07/11
65,Humfried,Lovatt,hlovatt1s@about.com,Male,741-422-1558,Tunisia,2020/02/22
66,Ilyse,Swinney,iswinney1t@exblog.jp,Female,897-625-8402,Portugal,2006/10/29
67,Andrew,Bareham,abareham1u@foxnews.com,Polygender,459-785-0244,Portugal,2014/09/21
68,Berni,Somerville,bsomerville1v@myspace.com,Female,409-423-5879,Hungary,2018/03/30
69,Rona,Verring,rverring1w@google.com.hk,Female,958-154-4855,France,2007/03/12
70,Winn,Rodliff,wrodliff1x@indiegogo.com,Male,195-575-9402,New Zealand,2006/06/29
71,Tobit,Sawle,tsawle1y@gov.uk,Male,921-853-9803,Sweden,2003/09/03
72,Beulah,MacDiarmond,bmacdiarmond1z@fc2.com,Female,611-289-7395,Indonesia,2009/11/06
73,Whitby,Bawdon,wbawdon20@feedburner.com,Male,758-324-8655,Mexico,2003/01/14
74,Mano,Lokier,mlokier21@bloomberg.com,Male,370-140-5741,Philippines,2008/09/03
75,Hayley,Brahmer,hbrahmer22@independent.co.uk,Female,615-525-4535,United States,2012/02/07
76,Dian,Lattka,dlattka23@about.me,Female,463-549-1222,Finland,2015/01/26
77,Gregor,Sikora,gsikora24@wordpress.com,Male,558-105-8284,Indonesia,2006/08/09
78,Curr,Surgison,csurgison25@friendfeed.com,Male,255-649-8975,China,2010/01/31
79,Garald,Badder,gbadder26@wiley.com,Male,358-734-7766,Montenegro,2019/05/02
80,Toby,Branston,tbranston27@ow.ly,Male,716-782-4819,Indonesia,2006/02/06
81,Vannie,Sadd,vsadd28@bizjournals.com,Female,672-266-2629,China,2010/04/23
82,Jarret,Brach,jbrach29@slate.com,Male,732-521-7652,Brazil,2012/04/13
83,Jacynth,Stevani,jstevani2a@naver.com,Genderfluid,494-245-5233,Thailand,2001/05/13
84,Earlie,McLucky,emclucky2b@epa.gov,Male,240-257-8391,Mexico,2024/02/21
85,Esma,Marco,emarco2c@unblog.fr,Female,118-452-2505,China,2019/10/25
86,Florian,Maffini,fmaffini2d@ezinearticles.com,Male,728-206-4400,Ireland,2003/07/09
87,Indira,Kilmurray,ikilmurray2e@cnet.com,Female,103-730-6126,Czech Republic,2015/05/05
88,Kaile,Dodshon,kdodshon2f@devhub.com,Female,162-801-4411,Netherlands,2000/05/16
89,Lynne,Knightsbridge,lknightsbridge2g@discuz.net,Female,384-897-2686,Finland,2006/04/28
90,Imogene,Winterson,iwinterson2h@ezinearticles.com,Female,426-140-1023,Japan,2015/04/01
91,Randee,Rolance,rrolance2i@sakura.ne.jp,Polygender,786-186-7676,Indonesia,2012/03/16
92,Gunter,Cresar,gcresar2j@merriam-webster.com,Genderqueer,518-820-5816,China,2016/01/24
93,Philbert,Von Der Empten,pvonderempten2k@smugmug.com,Male,413-461-0094,Egypt,2001/07/12
94,Ted,Penniell,tpenniell2l@a8.net,Male,395-307-8646,Nigeria,2002/09/16
95,Murial,Fetters,mfetters2m@xinhuanet.com,Female,899-536-1452,Indonesia,2008/08/08
96,Taber,Agates,tagates2n@amazon.com,Male,621-417-7553,Argentina,2020/01/21
97,Elsie,Lamartine,elamartine2o@ifeng.com,Female,254-725-1618,Philippines,2005/04/07
98,Arlinda,McKean,amckean2p@is.gd,Female,113-412-2055,China,2023/12/26
99,Maurits,Rewcassell,mrewcassell2q@naver.com,Male,937-179-1916,United States,2001/06/17
100,Sherill,Shemmans,sshemmans2r@deviantart.com,Female,635-268-5390,Portugal,2000/04/12
