id,first_name,last_name,email,gender,contact,country
1,Gerri,Cranna,gcranna0@mlb.com,Male,570-781-2050,Czech Republic
2,Cristian,Cecely,ccecely1@npr.org,Male,561-867-5036,Bangladesh
3,Clementius,Dimitru,cdimitru2@yelp.com,Male,352-329-5426,China
4,Abey,Aland,aaland3@sitemeter.com,Male,311-355-5835,China
5,Cassy,Sugg,csugg4@cisco.com,Female,328-234-2680,China
6,Honor,Buddleigh,hbuddleigh5@apache.org,Female,781-853-6650,Guatemala
7,Teri,Pepall,tpepall6@edublogs.org,Female,884-927-6490,France
8,Tracee,Yegorkov,tyegorkov7@webeden.co.uk,Female,755-236-0962,Liberia
9,Kariotta,Gilbee,kgilbee8@spiegel.de,Female,338-826-3936,Mongolia
10,Ian,Stanmer,istanmer9@skyrock.com,Male,165-181-8306,China
11,Osgood,Ibeson,oibesona@behance.net,Male,341-782-5422,China
12,Josias,Woodthorpe,jwoodthorpeb@guardian.co.uk,Male,714-174-1909,South Africa
13,Bobbe,Kingsnorth,bkingsnorthc@sina.com.cn,Female,108-531-0864,France
14,Mallory,Prosek,mprosekd@skype.com,Female,110-920-1986,Portugal
15,Min,Wegenen,mwegenene@oaic.gov.au,Female,249-551-1221,Indonesia
16,Arlin,Cheley,acheleyf@weibo.com,Male,210-713-0361,Guatemala
17,Roda,Greenley,rgreenleyg@bandcamp.com,Female,418-998-9751,Russia
18,Anestassia,Dammarell,adammarellh@networksolutions.com,Female,711-551-8782,Greece
19,Alfie,Moxstead,amoxsteadi@tripod.com,Male,767-818-9405,China
20,Hattie,Daintith,hdaintithj@eepurl.com,Female,879-642-6336,Indonesia
21,Flinn,Caneo,fcaneok@bizjournals.com,Male,888-944-6994,Indonesia
22,Carlene,Popeley,cpopeleyl@purevolume.com,Female,659-375-4985,Belarus
23,Claudio,Aleksankov,caleksankovm@list-manage.com,Male,717-601-3219,Egypt
24,Joellen,Gibbonson,jgibbonsonn@csmonitor.com,Female,147-527-5579,Italy
25,Gregorius,Freegard,gfreegardo@tiny.cc,Male,553-516-5954,Indonesia
26,Dehlia,Ridler,dridlerp@symantec.com,Female,658-553-6916,Russia
27,Sarette,Melbury,smelburyq@feedburner.com,Female,499-581-1603,Russia
28,Elnar,Apps,eappsr@tripadvisor.com,Male,926-649-4975,Indonesia
29,Eugine,Cristoferi,ecristoferis@plala.or.jp,Female,858-143-7293,Indonesia
30,Anita,Ormistone,aormistonet@example.com,Female,486-427-8426,China
31,Kienan,Van Giffen,kvangiffenu@cisco.com,Male,750-521-5648,Philippines
32,Lazar,Mulcaster,lmulcasterv@icio.us,Male,266-656-7646,Ireland
33,Quinn,Gadney,qgadneyw@alibaba.com,Female,708-706-5845,Thailand
34,Gennie,Aubrun,gaubrunx@mozilla.com,Female,439-313-1463,China
35,Lara,Gaine,lgainey@123-reg.co.uk,Female,727-227-4394,China
36,Tania,Foan,tfoanz@sogou.com,Female,334-354-7525,South Africa
37,Karol,Neesam,kneesam10@tinyurl.com,Female,859-141-1052,China
38,Laurena,Espinoy,lespinoy11@nasa.gov,Female,529-942-2335,American Samoa
39,Fletcher,Rangle,frangle12@opera.com,Male,224-148-2136,China
40,Maximilien,Casine,mcasine13@utexas.edu,Male,954-415-2664,China
41,Krystal,Rumney,krumney14@alexa.com,Female,831-417-8383,Colombia
42,Avrit,Bowcock,abowcock15@sfgate.com,Female,970-689-6813,China
43,Bobbie,Cellone,bcellone16@dot.gov,Female,533-349-0323,China
44,Gabriello,William,gwilliam17@dropbox.com,Male,622-624-1013,Indonesia
45,Marylinda,Francklyn,mfrancklyn18@sogou.com,Female,354-846-0090,Peru
46,Shep,Khomishin,skhomishin19@g.co,Male,615-532-5263,Tunisia
47,Reinald,Farquarson,rfarquarson1a@bloglines.com,Male,342-262-0193,Portugal
48,Olympe,Peracco,operacco1b@aol.com,Female,911-515-4752,Colombia
49,Casi,Legerton,clegerton1c@theatlantic.com,Female,513-804-2742,United States
50,Sydelle,Baptie,sbaptie1d@omniture.com,Female,253-374-0311,Malaysia
51,Winnah,Laffan,wlaffan1e@wikia.com,Female,353-889-7939,Philippines
52,Jamey,Cleft,jcleft1f@a8.net,Male,497-196-0269,Guatemala
53,Mary,Dales,mdales1g@weebly.com,Female,311-570-8192,China
54,Farr,Hayes,fhayes1h@tinypic.com,Male,331-903-9728,Brazil
55,Kellie,Puzey,kpuzey1i@a8.net,Female,357-334-1291,China
56,Mack,Budge,mbudge1j@japanpost.jp,Male,629-277-0646,Latvia
57,Cynthy,Kopfen,ckopfen1k@skype.com,Female,288-178-8496,Afghanistan
58,Rusty,Grebert,rgrebert1l@twitpic.com,Male,141-461-0720,Honduras
59,Everett,Rosone,erosone1m@zdnet.com,Male,702-436-1445,United States
60,Ellene,Bladen,ebladen1n@fema.gov,Female,440-705-9743,Namibia
61,Flori,Newburn,fnewburn1o@indiatimes.com,Female,579-837-7518,Indonesia
62,George,Kaplin,gkaplin1p@epa.gov,Male,513-300-5851,United States
63,Tandie,Colbeck,tcolbeck1q@geocities.com,Female,104-253-0922,China
64,Lenka,Lung,llung1r@utexas.edu,Female,453-731-4728,Canada
65,Ferdinanda,Chezier,fchezier1s@sciencedaily.com,Female,827-595-7480,Kazakhstan
66,Dex,Selley,dselley1t@boston.com,Male,727-151-0177,Russia
67,Wynn,Chanders,wchanders1u@people.com.cn,Male,945-898-2553,Indonesia
68,Syman,Trunchion,strunchion1v@bing.com,Male,526-909-5443,Estonia
69,Ermengarde,Kohlerman,ekohlerman1w@g.co,Female,299-566-9407,North Korea
70,Maxy,Gisburne,mgisburne1x@wikimedia.org,Male,995-754-1779,Iran
71,Thornton,Crawshaw,tcrawshaw1y@themeforest.net,Male,313-117-8971,Vietnam
72,Benjamin,Gueny,bgueny1z@biblegateway.com,Male,919-924-3547,China
73,Gert,Hariot,ghariot20@earthlink.net,Female,441-332-3864,Cuba
74,Sol,Ardron,sardron21@amazon.co.jp,Male,445-477-2438,Palestinian Territory
75,Loretta,Maylam,lmaylam22@joomla.org,Female,649-128-0690,Czech Republic
76,Madelin,Deeny,mdeeny23@usa.gov,Female,576-402-2392,China
77,Robin,Poveleye,rpoveleye24@trellian.com,Female,421-961-4247,France
78,Olympia,Hackley,ohackley25@twitpic.com,Female,721-653-3878,Japan
79,Gael,Crookshank,gcrookshank26@howstuffworks.com,Male,931-372-5418,Vietnam
80,Sammie,Cayton,scayton27@seesaa.net,Male,792-503-7719,Morocco
81,Dorey,Kolin,dkolin28@booking.com,Male,794-163-4928,China
82,Gerrie,Thebeaud,gthebeaud29@yahoo.com,Female,537-536-8040,Ecuador
83,Timothy,Skillen,tskillen2a@wp.com,Male,196-201-8151,Russia
84,Chancey,Seabrooke,cseabrooke2b@forbes.com,Male,191-260-9103,Indonesia
85,Jourdain,Ferens,jferens2c@weibo.com,Male,708-275-0933,Luxembourg
86,Brier,Woolaghan,bwoolaghan2d@bravesites.com,Female,718-593-5179,Philippines
87,Rafaelita,Hodgins,rhodgins2e@youtube.com,Female,128-824-2802,South Korea
88,Ermina,Gath,egath2f@prlog.org,Female,847-875-5474,Canada
89,Vachel,Henricsson,vhenricsson2g@reddit.com,Male,587-854-6483,Uganda
90,Janeczka,Robion,jrobion2h@deliciousdays.com,Female,681-549-1746,Indonesia
91,Job,Swindells,jswindells2i@jiathis.com,Male,941-993-2224,Tajikistan
92,Clarita,Wieprecht,cwieprecht2j@howstuffworks.com,Female,168-420-6349,China
93,Beryle,Gildea,bgildea2k@ihg.com,Female,568-750-8203,Ivory Coast
94,Jo,Messager,jmessager2l@360.cn,Male,461-139-8052,China
95,Jayne,Cumberpatch,jcumberpatch2m@pbs.org,Female,366-290-5628,South Africa
96,Dominic,Jewett,djewett2n@tamu.edu,Male,990-784-8924,Colombia
97,Arty,Jane,ajane2o@rediff.com,Male,430-395-2880,Czech Republic
98,Claudie,McCaskill,cmccaskill2p@rakuten.co.jp,Female,759-413-2696,Philippines
99,Zoe,Jakoubec,zjakoubec2q@fastcompany.com,Female,436-144-7575,Peru
100,Thain,Seedman,tseedman2r@hatena.ne.jp,Male,330-688-8524,China
